id_number,first_name,last_name,password
60627653,Claire,Wang,c3DpqfzU
92329968,Alice,Lee,aZ1sQ7Tf
87813469,Ivy,Kim,PsQVhnwC
73731907,Alice,Wang,zjjMu9JX
55794383,Grace,Brown,JVtHWwz8
56764235,David,Wilson,WMyFBom7
32700629,Claire,Patel,KYFUEdi8
29393129,Frank,Wilson,l5AtoalR
86662784,Grace,Garcia,z8pSX6qp
61069599,Bob,Lee,NWDSquT3
65497200,Grace,Patel,72PFWx8w
61310360,Alice,Nguyen,rxxCcIrp
11024802,Ivy,Wilson,1DO97gPJ
12195449,Emma,Wilson,Obnvc4iV
96492920,Alice,Johnson,tqAJepdk
90343035,Jake,Wilson,oUPtNCj0
86782737,Grace,Smith,34QNfn3S
86693379,Claire,Kim,tps3icpa
58693709,Jake,Kim,R7p2kxyA
28060979,David,Lee,XAN2jWXh
88014702,Grace,Garcia,YIwsaRoR
51525791,Ivy,Patel,kFCozaUP
85350126,Alice,Nguyen,8MjENJZW
38814234,Grace,Kim,BWfHaVi3
24733702,Henry,Johnson,NUIiM7YL
92374278,David,Patel,8PdCQ0FD
91223437,Emma,Kim,cgktEL44
23074193,Grace,Wilson,jkgGfiRB
44586616,Emma,Smith,H9wu4zKn
76254592,Alice,Kim,t7XKFHRb
32362019,Ivy,Nguyen,6Wc8HZSY
13449260,Grace,Lee,VyRImGhN
45896278,Ivy,Wang,VHMPaRv1
39792221,Henry,Brown,3U94fvRP
10483022,Alice,Smith,kHNEJqLK
55715204,Bob,Wang,Xk4NmqQw
57722767,Jake,Garcia,w9LG4u8C
49265796,Jake,Nguyen,gF3Bu60I
95950453,Emma,Patel,A6d2Egeh
74719423,Emma,Patel,6yWFq12n
82839261,Claire,Wilson,NJXNHyBw
48489077,Bob,Wang,ZOUI3Oct
12513262,Claire,Lee,yXB9D2w3
62807887,Frank,Nguyen,lJ6unrXi
47729562,David,Kim,OsfXERNb
52577646,Frank,Kim,PUaLmrlF
36765524,Jake,Garcia,c4QSlU17
61797872,David,Wang,BKZ5RfOa
52569243,Frank,Lee,0oJ6xvIM
84890549,Jake,Garcia,LkMyv2CH
26441299,Grace,Brown,pf5wTio3
92818600,Frank,Garcia,GrHv4Saq
24050736,Frank,Smith,ioEHXuOv
83933450,Claire,Lee,rbewKdSs
91760029,Henry,Lee,mSZ5ZXKP
86933131,Jake,Wang,RAmDGEfP
79330071,Henry,Wang,c56ZEiIq
44715765,Alice,Nguyen,ndVLRNDb
93851444,Alice,Lee,A4Bn6HVm
68638506,Frank,Smith,s7jrBQUB
30975837,Jake,Nguyen,nGFuTuJX
33502672,Bob,Nguyen,o9EtNXA0
82067143,Alice,Wilson,HWbqP9Ve
68319724,Jake,Kim,K3f35LFs
76749624,Frank,Brown,rxxDP2Bz
42764566,Grace,Lee,VFnwSWLN
97504826,Emma,Smith,wM7V9Ueq
31978042,Emma,Smith,CENXcelq
74346203,Frank,Garcia,ewmslOMe
94923994,Henry,Smith,5Z0r6OgY
17968769,Bob,Patel,y9Z1KvzR
63922049,Claire,Wang,ixvpSzkb
16748681,Grace,Wilson,fmnPE9o1
23894828,Frank,Brown,5eWuTE7R
62312510,David,Wilson,aJ0uP4tU
62872990,Bob,Brown,P7mXjbCh
96016260,David,Nguyen,n0X0WC5F
21786516,Emma,Smith,QeRXhPgg
31782271,Alice,Patel,ErTfSxaA
43964828,Frank,Nguyen,sKuZsfRf
25174592,Henry,Wilson,5DA9CjS7
88648420,Jake,Nguyen,TQaMhEvO
71660727,Alice,Lee,w5cbVx5X
61979651,David,Johnson,wO2ou6fi
40822928,Bob,Johnson,qnEPJu4X
38756322,Bob,Smith,ysPWuYKj
29492381,Claire,Wang,c7BsnYku
84426994,Henry,Wilson,bnnmJB12
84199386,Grace,Lee,ANMiZGXs
43197040,Ivy,Patel,7xXOP8Ls
45425152,Grace,Nguyen,RnmgtriK
32046689,Frank,Patel,verBY5Pd
97192030,Alice,Wang,l7Gu2hs3
59033731,Frank,Garcia,biZF5E4x
47498893,Emma,Wilson,ENzCJzFZ
82119631,Emma,Smith,09UAuckk
52634715,Alice,Garcia,46Oph12U
12341677,Claire,Wilson,Z1hq05SN
56829121,David,Wilson,H9SDencv
56656511,Frank,Johnson,CIXhmrgU
